{
  "val_losses": [
    0.009599845088423667,
    0.009497722621840447,
    0.0094820516865996
  ],
  "val_ades": [
    1.270993144636091,
    1.261056711963491,
    1.264886806490087
  ],
  "val_fdes": [
    2.4911232470720717,
    2.4790630848345323,
    2.484895802932402
  ],
  "client_statistics": {
    "num_clients": 5,
    "client_names": [
      "eth",
      "hotel",
      "zara1",
      "zara2",
      "univ"
    ],
    "client_data_sizes": {
      "eth": 2785,
      "hotel": 2594,
      "zara1": 2322,
      "zara2": 2112,
      "univ": 2076
    },
    "client_weights": {
      "eth": 0.23425014719488602,
      "hotel": 0.21818487677685255,
      "zara1": 0.19530658591975775,
      "zara2": 0.17764319959626546,
      "univ": 0.1746151905122382
    },
    "total_samples": 11889
  },
  "best_metrics": {
    "best_round": 3,
    "best_val_loss": 0.0094820516865996,
    "best_ade": 1.264886806490087,
    "best_fde": 2.484895802932402
  }
}