{
  "total_losses": [
    0.016179931420151904,
    0.01005962874329779,
    0.00982503246225577,
    0.009800253183110267,
    0.00968796505983318,
    0.009644891493402983,
    0.00961312047776676,
    0.009605577766334498,
    0.009590077071240353,
    0.009553120864595296,
    0.009534281883789327,
    0.009528493583803215,
    0.009501123688213767,
    0.009488610430590568,
    0.009468473000852492,
    0.009369191753688038,
    0.00937129526088635,
    0.009349709461813653,
    0.00931117744485457,
    0.009311459492892027,
    0.009272184355625062,
    0.009279820189300564,
    0.00924176751055144,
    0.009195749955852666,
    0.009176896241623708,
    0.009155407598021852,
    0.009096068057221591,
    0.009095133938175697,
    0.009055093261263063,
    0.009067800607011524,
    0.009036112363920898,
    0.009009752825643588,
    0.008997342737031079,
    0.008960684728858772,
    0.008948683395721418,
    0.008931159151978391,
    0.00893084765211629,
    0.00891542708330978,
    0.008880126477789975,
    0.00884562851710906,
    0.008830860657717592,
    0.008814947436793997,
    0.008780879336559484,
    0.008759378715949033,
    0.008753727095061413,
    0.008702857417344887,
    0.00869028922420756,
    0.00868162038355505,
    0.008656069431053374,
    0.008660910756237084
  ],
  "traj_losses": [
    0.016028705133145214,
    0.010055778983740075,
    0.009823511046687923,
    0.00979942825913269,
    0.0096874402195055,
    0.009644525759022242,
    0.009612845034108208,
    0.009605361794632289,
    0.009589902410704282,
    0.009552975658387426,
    0.009534159650204963,
    0.009528388732403357,
    0.00950103315214316,
    0.009488531010305529,
    0.009468403459596698,
    0.009369130196270122,
    0.00937124064332375,
    0.009349660284476735,
    0.009311133169478947,
    0.00931141871999028,
    0.009272147012594085,
    0.009279785046894704,
    0.009241735229709296,
    0.009195718158196697,
    0.009176866201463567,
    0.009155379936239251,
    0.009096041844997516,
    0.009095108502053766,
    0.009055068145596212,
    0.009067772807533382,
    0.009036091634482947,
    0.009009726986449251,
    0.008997320558034604,
    0.008960664990828723,
    0.008948659083695822,
    0.008931135893949577,
    0.00893082891801192,
    0.008915408389262294,
    0.00888010449657437,
    0.008845608914270997,
    0.008830839687938331,
    0.008814926684824049,
    0.008780860670051106,
    0.008759360104518872,
    0.008753708451085033,
    0.008702839955046613,
    0.00869027240031589,
    0.008681602871185669,
    0.00865605363862649,
    0.008660892678064204
  ],
  "kl_losses": [
    0.0015122632001841475,
    3.849739103863749e-05,
    1.5214386758577925e-05,
    8.24894936823678e-06,
    5.248490428159364e-06,
    3.657383041583319e-06,
    2.7542967103805513e-06,
    2.159404864316887e-06,
    1.7464605175567852e-06,
    1.4517653872272966e-06,
    1.2222196575152416e-06,
    1.0484613637213296e-06,
    9.050981450962608e-07,
    7.94271605561716e-07,
    6.956157291472576e-07,
    6.152862134532829e-07,
    5.463809571281633e-07,
    4.917346522324317e-07,
    4.429452527012218e-07,
    4.077758946565272e-07,
    3.7328341551362613e-07,
    3.512770314151195e-07,
    3.2271923425581607e-07,
    3.180084305803556e-07,
    3.00226092856177e-07,
    2.7636482250590656e-07,
    2.6196806948797943e-07,
    2.5436763160796155e-07,
    2.509101239323378e-07,
    2.780664537814578e-07,
    2.0710282177377292e-07,
    2.5837033116089204e-07,
    2.2175637975847802e-07,
    1.975312695825563e-07,
    2.428941659322161e-07,
    2.3252497653501332e-07,
    1.8736707829702937e-07,
    1.8674400016313865e-07,
    2.1965930982858442e-07,
    1.9601531886276276e-07,
    2.0957089884265563e-07,
    2.072639785200242e-07,
    1.8626501279962663e-07,
    1.8626281481589611e-07,
    1.8671669354738873e-07,
    1.750331769606893e-07,
    1.6864110494204534e-07,
    1.7565730282040486e-07,
    1.578393078078737e-07,
    1.806444489620991e-07
  ],
  "val_losses": [
    0.009951997658615585,
    0.009727896211378425,
    0.009535245925090528,
    0.00945611371454572,
    0.009554703388000638,
    0.00939057816541308,
    0.009451021853945028,
    0.009396567075717474,
    0.009423740310871034,
    0.009363340453549364,
    0.00938606440082728,
    0.009347055506415377,
    0.009247747127435469,
    0.009151631887258264,
    0.009094822720739875,
    0.009089870060837365,
    0.009035798171284016,
    0.009008608429993663,
    0.00905682683815716,
    0.009056819393217633,
    0.009016951328800753,
    0.009080425217083861,
    0.008957910562358468,
    0.00898891838027973,
    0.008935777169491057,
    0.008874120373983444,
    0.008953639455343443,
    0.00895084675895316,
    0.008967196915681565,
    0.008826231361949476,
    0.008930583374651935,
    0.008807662970813347,
    0.008793378632494561,
    0.00891165179937449,
    0.00883879795247975,
    0.00882801541997809,
    0.008886661144878225,
    0.00908300160689133,
    0.008782814139840181,
    0.008831521752754451,
    0.008828926070849147,
    0.008839443284871174,
    0.008800371093187815,
    0.00883033243954202,
    0.00891423169465247,
    0.008947750579146504,
    0.008867094994003288,
    0.008928279674019855,
    0.009025131727831934,
    0.00908937156169474
  ],
  "val_ades": [
    1.2642748903231307,
    1.270090609986878,
    1.272094367164427,
    1.2727211634830462,
    1.2767504260334106,
    1.2685060061109676,
    1.2727955475175878,
    1.2717685189830368,
    1.27483688259367,
    1.2703063042427516,
    1.2716977770275415,
    1.2693687693687936,
    1.265029776441068,
    1.2615005577295355,
    1.2679630726890296,
    1.2646636507062998,
    1.2673086113135952,
    1.2678633734973999,
    1.2686743123916129,
    1.2698277689228303,
    1.2707718395078123,
    1.2638006677102092,
    1.266230835468334,
    1.2699632073296565,
    1.2669261092550823,
    1.2684229409009882,
    1.262783570185263,
    1.2681806927875132,
    1.2695885187203457,
    1.2641522433665544,
    1.2600113576210397,
    1.2699853500009934,
    1.2673456273818677,
    1.2678259670524776,
    1.2657294518177096,
    1.2579716388114313,
    1.264488403454289,
    1.2667352370845009,
    1.2688528085043767,
    1.2601646525452685,
    1.263243795116696,
    1.2629081224873457,
    1.264606271464641,
    1.2664255797979467,
    1.2628245579399788,
    1.2674967277185112,
    1.2679791021924691,
    1.268775708510476,
    1.2671698233539959,
    1.265551755604403
  ],
  "val_fdes": [
    2.4811565433455987,
    2.4895559840017856,
    2.492952333245719,
    2.4953491782806685,
    2.502412354680606,
    2.487454070854858,
    2.49400053526471,
    2.4931381683696197,
    2.4972840614643075,
    2.4908978907844896,
    2.4932570108076053,
    2.489286669999093,
    2.4833358079952017,
    2.4798082475692045,
    2.486914601350213,
    2.4824333052096677,
    2.4864979116373482,
    2.4878696924357175,
    2.4878395555912864,
    2.4883131933379983,
    2.49043419790622,
    2.4815494947109245,
    2.484690369083901,
    2.4903711758353086,
    2.485820631256044,
    2.4881414574261242,
    2.4811678739113936,
    2.488988487596575,
    2.489094487434721,
    2.4818674200631157,
    2.4769843902938207,
    2.4885925452846154,
    2.4858911195831777,
    2.486270203260576,
    2.484458554531737,
    2.4743732559629694,
    2.48317046368574,
    2.4858648362407556,
    2.486899646011448,
    2.4774873872528134,
    2.480973543204009,
    2.4785483118704215,
    2.484107853193309,
    2.4830494537722463,
    2.481435752138583,
    2.486151704009318,
    2.48789102446991,
    2.486263877621569,
    2.4841551513772497,
    2.4840582953900645
  ],