{
  "total_losses": [
    0.015190045975188735,
    0.009978763003062496,
    0.00985674954379999,
    0.009782402498287058,
    0.009696259398654263,
    0.009695127416121703,
    0.009671022427038,
    0.00958416727872225,
    0.009539786468370146,
    0.009543059138400901,
    0.009514535148878412,
    0.009477458308420835,
    0.009443880807388054,
    0.00946938509111523,
    0.009417428294577266,
    0.009392637121040494,
    0.009410268957576445,
    0.00936709104045745,
    0.009347454241667223,
    0.009301231252730534
  ],
  "traj_losses": [
    0.015021983183599928,
    0.0099727899657302,
    0.009854339786695056,
    0.009781084807028854,
    0.00969543701828888,
    0.009694556377687923,
    0.009670599651653119,
    0.00958383843673253,
    0.009539523710226339,
    0.009542845074407837,
    0.00951435661033517,
    0.009477306988530903,
    0.009443752375000747,
    0.009469274078465758,
    0.009417331922719235,
    0.009392552570970629,
    0.009410194163861614,
    0.009367024603610238,
    0.00934739494996686,
    0.009301177999605574
  ],
  "kl_losses": [
    0.0016806281469192766,
    5.9730410758939184e-05,
    2.4097487141105337e-05,
    1.3176392634685267e-05,
    8.223447828699605e-06,
    5.710317730772267e-06,
    4.227363059462439e-06,
    3.2886741706455705e-06,
    2.6274384994863913e-06,
    2.140395299183408e-06,
    1.7850668207815503e-06,
    1.5132296076072997e-06,
    1.2846872461415588e-06,
    1.1102231734571188e-06,
    9.63736967009105e-07,
    8.452070736678653e-07,
    7.479640945221231e-07,
    6.644721346434889e-07,
    5.928292847495682e-07,
    5.326961826007372e-07
  ],
  "val_losses": [
    0.010035573313614677,
    0.009574032919070144,
    0.009540879158881806,
    0.009470817795654394,
    0.009597423270959065,
    0.0094704018601323,
    0.009457036425752966,
    0.009716185340064607,
    0.009333697332821906,
    0.009340279793855197,
    0.009317413662480581,
    0.00932787141088293,
    0.009376109544505868,
    0.009359114984070046,
    0.009255770631003492,
    0.009179041830108776,
    0.009211551830126683,
    0.009359715491330928,
    0.009165990271180834,
    0.009201980722742756
  ],
  "val_ades": [
    1.2665981745384502,
    1.2696525431229015,
    1.2711582004022393,
    1.2716634813208467,
    1.2642176601978987,
    1.2669344280743422,
    1.2677410687492805,
    1.2691970991408186,
    1.265017241577284,
    1.2640934080852106,
    1.263882767925881,
    1.2690381211850643,
    1.2582244481039775,
    1.2729325561888658,
    1.2647397624836065,
    1.2646194850154666,
    1.269608516206775,
    1.2653853308180898,
    1.26523155234856,
    1.2640200719417842
  ],
  "val_fdes": [
    2.485111118108325,
    2.4904881593723602,
    2.492796496471049,
    2.494917424920482,
    2.48402466586252,
    2.487358293248229,
    2.4884870442714297,
    2.4906651403998064,
    2.483578755642204,
    2.4837239816254963,
    2.4807040096959736,
    2.489558233093032,
    2.472796864041876,
    2.4957919227000835,
    2.482837916352219,
    2.4852364821655764,
    2.4898869046572365,
    2.4839592000943416,
    2.483999013528082,
    2.4819813216743456
  ],
  "training_times": [
    8.46178388595581,
    8.386521100997925,
    8.384724855422974,
    8.312871932983398,
    8.3592848777771,
    8.304095983505249,
    8.316505193710327,
    8.287302017211914,
    8.28767204284668,
    8.354890823364258,
    8.301277875900269,
    8.30591106414795,
    8.276081800460815,
    8.293404817581177,
    8.336465120315552,
    8.326524019241333,
    8.376755952835083,
    8.309530973434448,
    8.274653911590576,
    8.302806854248047
  ],
  "best_metrics": {
    "best_epoch": 19,
    "best_val_loss": 0.009165990271180834,
    "best_ade": 1.26523155234856,
    "best_fde": 2.483999013528082,
    "total_training_time": 166.55906510353088
  }
}