{
  "val_losses": [
    0.009624592757439179,
    0.009484078411934384,
    0.009395530943050194
  ],
  "val_ades": [
    1.2686787704882934,
    1.2651736003759084,
    1.2665534721263083
  ],
  "val_fdes": [
    2.4891089505169157,
    2.48429443031235,
    2.486515165539913
  ],
  "client_statistics": {
    "num_clients": 5,
    "client_names": [
      "eth",
      "hotel",
      "zara1",
      "zara2",
      "univ"
    ],
    "client_data_sizes": {
      "eth": 2785,
      "hotel": 2594,
      "zara1": 2322,
      "zara2": 2112,
      "univ": 2076
    },
    "client_weights": {
      "eth": 0.23425014719488602,
      "hotel": 0.21818487677685255,
      "zara1": 0.19530658591975775,
      "zara2": 0.17764319959626546,
      "univ": 0.1746151905122382
    },
    "total_samples": 11889
  },
  "best_metrics": {
    "best_round": 3,
    "best_val_loss": 0.009395530943050194,
    "best_ade": 1.2665534721263083,
    "best_fde": 2.486515165539913
  }
}