{
  "val_losses": [
    0.009516699735661906,
    0.009408959229693294,
    0.009361362717274158,
    0.00923160630401665,
    0.009156374859191614,
    0.008965301809354965,
    0.00904725529495503,
    0.00889073375280584,
    0.00890490000977626,
    0.00891898662975002
  ],
  "val_ades": [
    1.2643061459367282,
    1.2678223264641295,
    1.2672538918505987,
    1.2647269122672296,
    1.2686768271998532,
    1.2666692381354225,
    1.2619697746703196,
    1.267554221091768,
    1.2677390615471456,
    1.2663317022960883
  ],
  "val_fdes": [
    2.4814236651365067,
    2.488083747598798,
    2.486763336268101,
    2.4838055882336527,
    2.4876699110361318,
    2.4855555238645493,
    2.479648312119219,
    2.486926801878291,
    2.4863414271542132,
    2.484184674799279
  ],
  "client_statistics": {
    "num_clients": 5,
    "client_names": [
      "eth",
      "hotel",
      "zara1",
      "zara2",
      "univ"
    ],
    "client_data_sizes": {
      "eth": 2785,
      "hotel": 2594,
      "zara1": 2322,
      "zara2": 2112,
      "univ": 2076
    },
    "client_weights": {
      "eth": 0.23425014719488602,
      "hotel": 0.21818487677685255,
      "zara1": 0.19530658591975775,
      "zara2": 0.17764319959626546,
      "univ": 0.1746151905122382
    },
    "total_samples": 11889
  },
  "best_metrics": {
    "best_round": 8,
    "best_val_loss": 0.00889073375280584,
    "best_ade": 1.267554221091768,
    "best_fde": 2.486926801878291
  }
}