{
  "total_losses": [
    0.01998083719543071,
    0.010075515419024454,
    0.009882212896901433,
    0.009784671901074309,
    0.009729876295633374,
    0.009686737388913189,
    0.009650519490742715,
    0.009636720129218634,
    0.00961420422930631,
    0.009561576812918629,
    0.00955000134204985,
    0.009503003197311554,
    0.009525549074795137,
    0.009507284462151508,
    0.009440178842714397,
    0.009405259130602722,
    0.009350992000651776,
    0.009308907926903778,
    0.009299634858184764,
    0.009216921409011208
  ],
  "traj_losses": [
    0.01978220193777033,
    0.010068180077078362,
    0.009879179524197694,
    0.00978299600612973,
    0.009728825450824794,
    0.009686016334941792,
    0.009649995952263795,
    0.009636322692317028,
    0.00961389074913196,
    0.009561323983875174,
    0.009549792437884275,
    0.00950282777569467,
    0.009525399797806335,
    0.00950715642532594,
    0.009440067609752058,
    0.009405161900025221,
    0.009350906566826887,
    0.009308832374611688,
    0.009299567124495903,
    0.009216860597652773
  ],
  "kl_losses": [
    0.0019863531420161317,
    7.335344121055377e-05,
    3.0333581351989917e-05,
    1.6758923285583822e-05,
    1.0507971160956415e-05,
    7.210334786734205e-06,
    5.235210306803125e-06,
    3.974541769938726e-06,
    3.13478102192656e-06,
    2.527899074334772e-06,
    2.08933275089098e-06,
    1.7542768641613939e-06,
    1.4924793527404868e-06,
    1.2804198276274205e-06,
    1.1126064438123786e-06,
    9.725461658275381e-07,
    8.541223591144307e-07,
    7.554905748356662e-07,
    6.775818745751089e-07,
    6.081479235705555e-07
  ],
  "val_losses": [
    0.010353149307018998,
    0.010007800840623108,
    0.010005649661622729,
    0.009602297643536572,
    0.009621185372318255,
    0.009436747323264539,
    0.009470392305887261,
    0.009447242597888846,
    0.009673222799171469,
    0.009394543209950607,
    0.00938038312458448,
    0.00932693404708554,
    0.009262531749931815,
    0.009336260274771765,
    0.009173042961767859,
    0.009143574504420488,
    0.009323417242025376,
    0.008979771126206525,
    0.008978492485092906,
    0.009158474280549509
  ],
  "val_ades": [
    1.2764735087699934,
    1.2747490358287443,
    1.261391924805546,
    1.2685043859081186,
    1.2723684884831978,
    1.2660422665199855,
    1.2698365098426658,
    1.2740139393379746,
    1.263875839019856,
    1.2735451291249384,
    1.2665719664297146,
    1.2675690244025857,
    1.260916064427485,
    1.2590863498079912,
    1.2699942908374626,
    1.2647210430148619,
    1.2746267306380739,
    1.265597852122369,
    1.266593881932587,
    1.2719182671164573
  ],
  "val_fdes": [
    2.498499283384373,
    2.495234386303221,
    2.4766543818992206,
    2.49197704398851,
    2.4933890135505323,
    2.4877196389653338,
    2.4910995991447096,
    2.496824181140424,
    2.481643753062938,
    2.4970043676353235,
    2.4861993258611537,
    2.487429893822724,
    2.4795246558899335,
    2.477541660042003,
    2.492463642053653,
    2.484461333333351,
    2.497312951945103,
    2.4851667067649634,
    2.4869577168672987,
    2.491973988103326
  ],
  "training_times": [
    8.579035758972168,
    8.31893515586853,
    8.344778060913086,
    8.380260705947876,
    8.414067268371582,
    8.391595840454102,
    8.401461124420166,
    8.449333906173706,
    8.445682764053345,
    8.423084735870361,
    8.39731502532959,
    8.417988061904907,
    8.51001763343811,
    8.440946340560913,
    8.386290788650513,
    8.494414806365967,
    8.485105037689209,
    8.479911088943481,
    8.48199200630188,
    8.556983947753906
  ],
  "best_metrics": {
    "best_epoch": 